,count,mean,std,min,25%,50%,75%,max,skew
population_lakhs,320.0,16.625406249999997,11.19794609290683,2.6,9.0075,13.739999999999998,20.950000000000003,83.02,2.0889585888046573
internet_penetration_pct,320.0,56.224374999999995,18.67464962972809,17.0,41.9,55.55,71.625,99.0,0.10206614009552341
digital_literacy_pct,320.0,41.836875,15.95148452471806,5.0,29.375,42.75,53.25,83.3,-0.09190141800735431
egov_budget_per_capita_inr,320.0,93.814375,53.1848775816012,15.0,56.95,81.6,115.325,381.9,1.6689179739953497
digital_transactions_per_1000,320.0,64.65625,42.641413910080225,5.0,28.75,59.45,94.05,201.8,0.3786581285901575
avg_service_delivery_days,320.0,18.8675,4.186454496816906,9.2,16.1,18.75,21.7,30.099999999999994,0.19957013682235802
grievance_redressal_rate_pct,320.0,59.26843749999999,8.854004145044783,34.1,52.825,59.75,65.0,90.1,0.0867859934253323
citizen_satisfaction_score,320.0,5.08771875,0.9829338954922267,2.04,4.4375,5.135,5.67,8.82,0.012966926843218138
corruption_perception_index,320.0,51.861562500000005,9.677485297786376,26.7,44.875,52.1,58.8,80.5,0.09457687355771831
