district_id,state,region_type,population_lakhs,internet_penetration_pct,digital_literacy_pct,egov_budget_per_capita_inr,digital_transactions_per_1000,avg_service_delivery_days,grievance_redressal_rate_pct,citizen_satisfaction_score,corruption_perception_index
D001,Andhra Pradesh,Rural,14.0,43.2,24.1,100.5,80.0,16.0,58.7,6.35,41.1
D002,Rajasthan,Semi-Urban,18.98,73.6,35.9,15.0,92.2,17.4,63.0,5.38,57.1
D003,Punjab,Rural,4.45,48.6,49.3,31.6,110.0,12.8,57.7,5.78,39.2
D004,Uttar Pradesh,Rural,8.97,42.0,51.9,104.4,111.4,12.5,69.7,5.29,51.2
D005,Andhra Pradesh,Urban,7.07,93.7,67.0,105.9,85.2,17.0,66.0,5.06,47.3
D006,Maharashtra,Rural,4.32,42.0,16.0,43.0,59.1,17.6,36.5,4.69,30.9
D007,Rajasthan,Rural,14.44,45.5,31.6,55.1,24.2,21.7,65.9,4.37,51.9
D008,Maharashtra,Rural,3.51,35.3,24.2,173.1,58.7,22.0,34.1,2.69,37.9
D009,Odisha,Urban,6.09,78.6,57.4,62.4,56.1,19.8,53.3,5.03,32.2
D010,Kerala,Semi-Urban,9.75,51.7,29.9,279.7,153.3,19.8,70.8,5.23,59.5
D011,Uttar Pradesh,Semi-Urban,8.18,66.9,54.8,81.4,87.0,24.6,51.7,4.06,60.0
D012,Odisha,Rural,17.08,27.4,24.7,101.9,31.2,16.1,50.6,4.25,61.3
D013,Tamil Nadu,Rural,16.17,45.0,21.8,198.2,118.0,19.4,52.6,5.19,55.0
D014,Karnataka,Rural,23.02,36.3,32.8,87.5,5.0,24.8,62.4,4.16,47.9
D015,Odisha,Semi-Urban,21.15,68.5,67.8,46.9,5.0,23.6,39.1,3.46,56.5
D016,Odisha,Urban,26.7,84.8,64.9,76.7,119.6,11.7,74.8,7.24,75.5
D017,Tamil Nadu,Semi-Urban,13.45,74.4,53.1,79.9,81.4,17.2,60.5,5.77,64.4
D018,West Bengal,Urban,16.15,84.6,62.3,38.5,91.9,23.3,45.1,4.17,39.1
D019,Maharashtra,Rural,18.3,23.9,22.8,70.8,5.0,22.8,51.0,3.0,44.4
D020,West Bengal,Rural,14.66,37.4,14.2,54.2,40.9,21.6,48.3,3.35,48.0
D021,Bihar,Rural,10.61,27.5,21.9,135.4,125.2,18.7,67.6,5.01,34.8
D022,Bihar,Semi-Urban,11.03,53.3,36.9,83.0,93.4,17.6,66.5,6.17,60.1
D023,Gujarat,Rural,8.24,51.6,53.5,69.7,63.7,19.8,44.6,3.86,66.7
D024,Bihar,Rural,17.34,43.7,31.4,76.8,33.3,19.1,56.0,4.63,55.2
D025,Gujarat,Rural,12.73,31.7,37.1,92.1,26.6,19.7,52.0,5.07,64.6
D026,Kerala,Urban,9.04,68.9,42.8,114.3,5.0,20.1,69.3,3.8,47.6
D027,Maharashtra,Semi-Urban,9.05,58.3,48.4,47.0,69.8,16.1,50.5,5.66,53.1
D028,Rajasthan,Urban,6.51,67.1,52.8,45.9,101.1,20.4,70.2,5.465,53.9
D029,Uttar Pradesh,Urban,24.22,72.0,47.0,149.5,24.2,30.099999999999994,49.6,4.35,40.9
D030,Gujarat,Rural,14.11,40.8,32.0,64.9,20.0,13.1,55.0,5.14,42.9
D031,Karnataka,Rural,8.02,48.4,46.0,37.4,5.0,20.9,51.3,5.44,64.2
D032,Tamil Nadu,Rural,21.87,43.5,30.0,104.0,16.1,17.3,54.9,5.09,63.7
D033,Odisha,Semi-Urban,9.62,37.4,14.5,105.1,51.5,23.0,46.0,2.04,29.7
D034,Karnataka,Semi-Urban,5.79,60.7,45.4,35.1,5.0,19.9,58.4,4.49,57.6
D035,West Bengal,Semi-Urban,24.85,58.6,36.8,92.4,91.2,22.2,46.8,5.29,47.4
D036,West Bengal,Urban,9.75,81.7,58.6,122.1,122.0,22.4,39.6,4.2,50.7
D037,Rajasthan,Urban,10.53,92.5,68.8,100.1,88.3,18.4,57.2,5.87,58.8
D038,Andhra Pradesh,Semi-Urban,13.8,39.4,15.9,115.3,5.0,25.7,39.6,3.87,55.2
D039,Andhra Pradesh,Urban,26.72,72.7,41.6,37.6,31.2,10.2,60.4,5.96,55.8
D040,Tamil Nadu,Rural,13.63,43.3,36.3,97.7,103.0,25.4,46.6,3.9,59.1
D041,Karnataka,Semi-Urban,6.56,43.8,28.6,69.0,5.0,22.0,49.4,2.9,45.0
D042,Karnataka,Rural,18.66,51.3,17.9,62.5,41.6,25.0,69.6,4.42,54.2
D043,Karnataka,Rural,10.06,41.3,37.3,131.5,9.7,15.2,64.2,5.67,46.3
D044,Maharashtra,Semi-Urban,41.79,65.6,51.4,183.8,118.8,14.8,67.1,5.04,70.6
D045,Punjab,Rural,13.45,32.9,18.9,218.5,35.3,21.2,45.8,4.32,52.4
D046,West Bengal,Rural,3.52,45.3,23.5,167.9,82.1,19.9,55.1,5.09,57.8
D047,Andhra Pradesh,Semi-Urban,16.68,67.6,57.4,76.7,95.0,19.2,60.8,5.51,38.7
D048,West Bengal,Semi-Urban,43.24,60.1,47.9,98.9,142.4,22.4,48.4,2.37,32.6
D049,Karnataka,Rural,34.66,40.1,49.1,124.2,46.6,12.0,73.8,4.82,63.4
D050,Rajasthan,Urban,40.39,80.4,63.7,87.1,100.5,21.6,47.5,6.15,58.4
D051,Andhra Pradesh,Urban,7.3,70.2,55.8,87.5,16.9,19.1,57.1,4.85,33.1
D052,Karnataka,Urban,23.27,76.7,56.2,128.1,135.8,16.9,57.5,3.98,56.0
D053,Karnataka,Rural,8.73,36.6,34.0,78.8,14.4,14.3,64.9,6.25,51.4
D054,Rajasthan,Rural,15.4,41.5,36.1,54.5,23.1,22.0,51.0,4.43,61.3
D055,Rajasthan,Rural,6.27,47.0,45.3,64.8,51.1,9.5,65.4,6.64,57.1
D056,Uttar Pradesh,Rural,9.15,28.5,17.2,115.4,5.0,23.7,53.9,4.28,49.8
D057,West Bengal,Semi-Urban,8.97,56.9,39.2,81.6,72.6,13.3,58.6,5.58,64.0
D058,Bihar,Semi-Urban,23.08,71.3,49.7,98.2,117.6,30.099999999999994,64.1,5.71,45.9
D059,Bihar,Urban,21.77,71.3,59.8,117.7,93.5,17.5,63.3,6.16,46.9
D060,Gujarat,Urban,15.9,70.6,64.9,66.3,9.9,23.3,54.4,6.68,56.3
D061,Gujarat,Rural,5.99,39.8,26.2,123.5,49.4,19.4,56.3,5.27,59.6
D062,Rajasthan,Semi-Urban,11.17,65.6,45.8,100.3,103.8,15.8,69.0,4.62,37.4
D063,Maharashtra,Semi-Urban,8.6,58.1,46.1,41.3,5.0,17.6,57.9,5.46,37.9
D064,Rajasthan,Rural,22.69,50.0,35.5,180.1,29.0,25.0,53.5,5.16,59.1
D065,Andhra Pradesh,Rural,27.3,45.7,41.9,61.8,85.5,21.1,57.9,5.73,48.6
D066,Odisha,Semi-Urban,25.38,65.6,31.2,32.8,74.7,18.1,72.8,5.2,48.3
D067,Uttar Pradesh,Semi-Urban,8.56,63.0,40.6,45.8,80.0,18.1,48.7,5.41,36.0
D068,Kerala,Semi-Urban,2.6,78.9,53.0,46.5,152.4,11.4,71.6,6.86,52.7
D069,Odisha,Urban,4.66,76.2,38.6,83.8,99.9,20.5,42.9,5.97,55.0
D070,Rajasthan,Semi-Urban,31.59,40.0,22.3,70.1,72.8,13.0,66.2,4.75,58.3
D071,Punjab,Urban,10.58,92.4,62.0,67.7,201.8,19.7,71.0,5.6,46.6
D072,Rajasthan,Semi-Urban,8.58,53.9,38.8,114.5,57.1,19.9,63.0,4.9,65.5
D073,Karnataka,Rural,36.07,39.0,38.1,98.2,17.9,29.4,51.6,3.77,39.7
D074,Andhra Pradesh,Urban,28.76,89.8,65.4,96.9,112.5,13.1,60.5,5.25,45.9
D075,Karnataka,Urban,13.66,63.6,39.4,102.0,90.1,18.6,60.3,3.14,57.0
D076,Odisha,Semi-Urban,11.29,46.7,34.6,114.3,38.1,27.0,50.7,3.82,47.9
D077,Rajasthan,Semi-Urban,12.44,43.6,41.1,25.5,5.0,24.7,46.8,4.45,43.7
D078,Tamil Nadu,Rural,15.43,30.9,15.3,66.7,130.2,17.0,58.5,4.24,46.4
D079,Rajasthan,Semi-Urban,35.16,62.0,39.2,24.6,72.5,20.1,58.8,6.28,68.5
D080,Tamil Nadu,Rural,17.35,42.7,36.5,83.1,21.6,19.9,52.4,4.6,62.5
D081,Punjab,Rural,20.81,40.5,28.6,81.2,85.3,20.8,51.3,5.25,44.7
D082,Odisha,Semi-Urban,27.16,45.3,39.1,144.8,58.1,16.6,51.9,4.97,50.5
D083,Karnataka,Rural,6.67,17.2,12.8,156.5,28.8,20.7,62.4,5.11,52.3
D084,Bihar,Urban,21.18,78.5,64.5,91.1,106.8,11.2,70.9,6.61,48.9
D085,Uttar Pradesh,Urban,11.28,73.8,47.0,61.9,24.0,19.9,60.0,6.1,55.1
D086,Andhra Pradesh,Urban,2.98,82.1,61.5,106.4,104.0,19.6,67.0,5.81,54.4
D087,Odisha,Rural,3.76,44.3,31.6,60.9,125.5,18.1,60.4,5.29,62.5
D088,Andhra Pradesh,Semi-Urban,7.31,59.2,34.7,81.4,84.2,12.9,68.0,5.87,65.5
D089,Maharashtra,Urban,18.52,84.8,51.1,140.1,82.3,22.5,59.8,4.89,47.6
D090,Andhra Pradesh,Semi-Urban,14.42,60.1,50.5,59.9,42.8,20.5,56.9,5.33,50.5
D091,Rajasthan,Urban,15.04,82.8,59.3,126.9,77.1,15.3,59.3,7.16,66.0
D092,West Bengal,Rural,43.4,31.7,15.6,118.2,36.1,19.7,77.1,5.11,46.2
D093,Tamil Nadu,Semi-Urban,6.29,56.4,41.5,48.2,42.9,13.4,60.0,5.65,59.0
D094,Andhra Pradesh,Semi-Urban,13.24,59.8,53.9,139.2,111.3,14.0,59.7,6.44,56.3
D095,Karnataka,Semi-Urban,16.16,65.4,30.8,119.6,7.5,18.2,64.3,5.89,46.0
D096,Odisha,Rural,8.66,34.5,13.9,86.1,78.4,25.4,55.7,4.02,38.3
D097,Kerala,Semi-Urban,13.69,62.7,39.6,53.6,49.3,16.9,49.4,3.0,55.6
D098,Odisha,Urban,5.16,75.6,68.4,50.8,90.7,20.1,66.7,6.22,54.7
D099,Gujarat,Urban,31.37,76.9,60.0,60.6,33.3,16.5,60.4,4.04,61.7
D100,Gujarat,Rural,8.94,45.5,40.2,109.8,110.5,19.8,50.3,5.61,48.9
D101,Kerala,Rural,45.55,20.1,5.9,48.2,75.1,20.3,67.0,4.74,52.5
D102,West Bengal,Rural,13.2,26.3,10.8,103.6,77.6,24.1,60.2,4.92,72.2
D103,Rajasthan,Urban,24.95,64.7,52.1,41.1,5.0,17.2,50.0,4.3,38.5
D104,Tamil Nadu,Rural,13.04,17.0,13.2,72.8,59.4,14.4,77.5,4.45,31.6
D105,Rajasthan,Rural,13.22,31.9,28.3,86.5,57.9,14.4,68.8,5.62,65.2
D106,Andhra Pradesh,Rural,9.48,44.7,32.1,312.6,22.9,18.0,64.8,5.13,44.1
D107,Maharashtra,Semi-Urban,14.46,55.4,43.8,38.2,54.7,14.2,75.5,5.72,53.8
D108,Bihar,Urban,16.29,79.8,61.1,183.0,113.8,19.3,62.3,5.62,48.3
D109,Punjab,Urban,8.41,87.8,72.1,88.4,114.5,15.3,62.6,5.465,65.7
D110,Karnataka,Rural,12.49,49.9,43.9,102.1,67.4,28.6,45.9,4.6,40.8
D111,Karnataka,Semi-Urban,9.34,57.4,30.1,86.9,76.3,12.7,69.8,6.34,55.0
D112,Karnataka,Urban,53.51,90.2,49.7,104.0,155.7,18.6,63.9,5.465,59.4
D113,Kerala,Semi-Urban,12.76,58.8,52.1,74.8,113.2,13.6,64.1,6.78,49.4
D114,Tamil Nadu,Semi-Urban,34.03,50.5,47.3,181.2,5.0,17.6,56.3,4.97,44.6
D115,Tamil Nadu,Urban,11.97,72.7,46.3,63.4,62.2,19.6,59.5,3.69,42.4
D116,Andhra Pradesh,Rural,15.73,24.7,5.0,151.8,38.4,12.0,66.5,4.86,37.5
D117,Odisha,Rural,6.09,30.0,23.3,57.1,5.0,21.7,45.7,4.51,45.1
D118,Rajasthan,Rural,10.3,34.8,33.5,78.8,46.9,27.4,39.9,2.92,43.3
D119,Kerala,Semi-Urban,15.28,65.2,63.3,45.2,115.4,15.8,66.0,5.83,50.9
D120,Bihar,Rural,34.87,53.5,44.2,104.6,20.4,20.6,37.5,3.56,42.5
D121,Karnataka,Semi-Urban,15.38,45.6,31.2,180.3,81.5,23.6,58.8,5.64,53.5
D122,Kerala,Rural,30.88,41.5,24.0,78.1,12.5,20.0,54.5,4.96,44.9
D123,Gujarat,Urban,19.78,68.6,51.6,73.1,45.9,16.6,71.8,6.39,63.1
D124,West Bengal,Semi-Urban,35.75,62.3,44.3,44.1,121.8,9.3,63.3,6.2,69.0
D125,Maharashtra,Urban,13.0,76.8,49.5,71.8,58.2,21.4,62.2,5.19,47.6
D126,Punjab,Semi-Urban,56.49,41.5,47.5,33.9,60.9,18.5,55.7,5.17,56.1
D127,Odisha,Semi-Urban,10.06,66.4,64.0,49.3,5.0,14.7,63.5,5.29,49.2
D128,Uttar Pradesh,Urban,8.5,72.6,63.5,92.3,153.6,17.6,66.7,4.36,51.6
D129,Karnataka,Urban,6.51,73.2,47.5,168.3,115.2,16.0,60.0,5.46,67.0
D130,Punjab,Semi-Urban,54.52,48.4,43.1,381.9,93.5,16.7,75.4,6.15,60.4
D131,Punjab,Urban,22.01,72.1,59.2,59.0,96.8,20.4,49.7,5.75,38.2
D132,Gujarat,Rural,11.02,41.9,34.9,179.4,8.2,14.8,67.4,6.59,61.8
D133,Gujarat,Semi-Urban,28.49,56.3,52.2,93.1,111.9,22.3,63.9,6.4,68.0
D134,Maharashtra,Semi-Urban,20.34,61.0,50.8,74.9,53.1,13.3,69.6,5.29,50.2
D135,Andhra Pradesh,Semi-Urban,43.8,61.3,51.9,103.3,62.5,16.1,77.7,5.99,64.1
D136,Odisha,Urban,5.32,89.9,72.5,84.3,73.9,25.3,47.7,5.17,45.5
D137,Rajasthan,Rural,11.48,34.9,28.9,86.5,21.2,24.8,43.1,5.55,39.9
D138,Tamil Nadu,Semi-Urban,10.2,44.7,19.3,65.1,77.8,20.6,49.6,5.13,52.8
D139,Bihar,Rural,4.12,47.6,36.4,37.8,58.8,15.8,66.6,6.22,40.3
D140,Andhra Pradesh,Urban,25.44,75.0,51.8,34.8,98.8,16.2,64.9,5.37,50.4
D141,Andhra Pradesh,Semi-Urban,11.45,68.0,40.8,116.7,78.4,19.4,60.5,4.45,60.3
D142,Maharashtra,Semi-Urban,20.98,61.5,59.5,70.0,86.3,18.2,50.8,5.62,36.4
D143,Rajasthan,Rural,55.47,36.8,41.4,58.7,25.2,19.3,64.8,4.51,37.4
D144,Uttar Pradesh,Semi-Urban,10.89,61.1,56.7,81.8,156.5,17.3,51.1,4.9,41.3
D145,Maharashtra,Semi-Urban,10.46,75.6,58.7,126.1,24.2,17.9,70.4,5.87,54.1
D146,Uttar Pradesh,Urban,14.46,96.7,83.3,89.9,150.9,10.4,90.1,8.82,63.7
D147,Uttar Pradesh,Semi-Urban,24.35,58.6,44.1,56.8,116.0,16.5,64.1,5.19,64.4
D148,Gujarat,Semi-Urban,9.58,59.4,46.2,159.9,43.4,22.9,62.1,3.37,52.7
D149,Gujarat,Semi-Urban,9.22,67.7,42.0,194.1,179.2,12.5,63.5,5.93,59.4
D150,Punjab,Urban,25.39,70.4,56.0,106.9,119.2,17.1,47.0,4.39,49.7
D151,Kerala,Rural,16.9,41.0,31.2,139.1,96.6,16.1,58.3,4.97,54.4
D152,Tamil Nadu,Rural,3.95,37.8,17.9,161.3,59.3,20.9,50.5,4.02,39.1
D153,Punjab,Urban,6.45,80.8,60.2,151.6,86.8,16.5,51.4,5.0,58.7
D154,Gujarat,Semi-Urban,33.14,50.5,37.2,114.2,54.2,25.5,68.0,5.58,43.4
D155,Maharashtra,Urban,17.14,63.7,62.2,113.2,89.9,19.9,61.3,4.43,56.1
D156,Uttar Pradesh,Rural,8.52,19.3,21.7,108.4,89.7,14.7,66.8,4.84,61.0
D157,Bihar,Semi-Urban,12.16,47.9,36.0,44.5,57.1,22.3,53.2,4.98,52.8
D158,Kerala,Rural,13.57,33.9,27.4,119.7,12.0,17.4,60.2,4.45,47.1
D159,Uttar Pradesh,Rural,20.94,35.4,26.9,38.6,70.6,17.6,67.5,4.07,50.7
D160,Karnataka,Rural,5.96,55.4,40.0,52.6,94.6,20.2,57.4,5.34,26.7
D161,Maharashtra,Urban,8.13,88.0,57.3,166.8,130.4,15.7,68.2,6.72,60.9
D162,Karnataka,Rural,15.86,29.3,20.8,129.3,75.6,23.7,54.5,4.15,46.4
D163,Bihar,Urban,12.68,81.1,54.9,184.6,89.9,15.2,62.1,4.26,47.4
D164,Gujarat,Urban,18.97,74.3,45.7,70.1,40.3,16.8,49.8,5.31,58.7
D165,Rajasthan,Semi-Urban,6.44,55.4,45.7,43.2,21.6,16.9,44.7,3.42,43.7
D166,Bihar,Semi-Urban,16.68,59.7,47.9,71.4,5.0,17.3,58.6,5.45,42.6
D167,Kerala,Rural,25.92,43.6,18.4,86.2,61.6,24.8,54.7,3.47,43.3
D168,Kerala,Rural,18.03,34.9,25.2,85.1,40.9,22.8,45.7,3.11,43.7
D169,Karnataka,Semi-Urban,14.64,67.6,58.6,151.9,66.0,25.2,54.9,5.29,50.2
D170,West Bengal,Rural,12.71,27.7,29.3,66.8,5.0,29.6,50.0,3.73,47.1
D171,Punjab,Semi-Urban,8.16,58.1,51.7,98.9,17.2,15.1,45.9,4.4,57.8
D172,Kerala,Semi-Urban,12.89,81.4,61.3,47.3,125.2,17.8,52.4,5.6,43.8
D173,Tamil Nadu,Urban,28.67,80.0,53.2,104.3,61.1,14.0,67.6,5.6,55.1
D174,Uttar Pradesh,Rural,12.54,50.9,29.5,81.6,72.5,16.6,64.6,5.85,66.2
D175,Punjab,Urban,7.89,78.8,61.9,53.9,23.4,16.1,52.1,5.47,37.4
D176,Andhra Pradesh,Urban,10.02,83.2,65.5,71.5,143.2,12.9,65.9,5.64,55.3
D177,Gujarat,Semi-Urban,15.19,57.5,53.4,73.6,57.0,14.5,71.4,5.45,47.6
D178,Karnataka,Rural,10.76,36.5,36.1,70.2,55.0,19.0,65.3,4.06,43.7
D179,Punjab,Rural,18.01,31.0,22.2,215.8,153.3,30.099999999999994,65.4,5.38,44.4
D180,Andhra Pradesh,Rural,18.42,41.9,21.5,77.2,109.9,23.1,51.8,3.86,44.7
D181,Andhra Pradesh,Rural,22.95,30.3,20.2,71.2,25.7,17.0,55.9,2.91,58.8
D182,Tamil Nadu,Rural,31.63,44.0,34.7,25.7,19.7,30.099999999999994,50.9,3.55,33.5
D183,Maharashtra,Semi-Urban,24.47,67.8,49.2,49.8,55.4,17.1,61.9,4.78,39.6
D184,Rajasthan,Semi-Urban,7.69,61.3,41.4,70.5,86.1,19.3,63.9,6.34,44.9
D185,Tamil Nadu,Rural,7.83,35.4,28.6,55.9,36.1,15.0,63.5,3.99,62.3
D186,Uttar Pradesh,Rural,12.87,42.1,27.5,174.2,48.2,26.9,60.6,3.42,40.2
D187,Gujarat,Semi-Urban,10.27,55.2,36.4,74.4,119.5,23.3,56.0,5.36,52.3
D188,Gujarat,Urban,6.8,86.4,67.3,165.4,98.0,18.7,67.5,6.9,55.3
D189,Odisha,Rural,10.33,21.5,12.9,84.3,124.0,14.6,70.3,4.67,41.1
D190,Rajasthan,Urban,10.13,75.0,58.2,83.1,83.6,19.0,52.9,4.65,47.4
D191,Gujarat,Rural,9.0,20.1,17.2,77.6,101.1,15.5,47.9,4.65,71.7
D192,Bihar,Urban,11.14,64.5,39.3,81.6,84.6,25.0,66.3,3.39,56.8
D193,Maharashtra,Urban,27.31,90.3,63.9,209.6,151.2,20.4,62.7,4.28,40.3
D194,Bihar,Rural,15.17,46.1,46.0,22.7,15.9,19.9,43.6,4.19,53.4
D195,Punjab,Urban,59.33,71.5,44.3,27.1,34.3,9.7,60.9,6.73,50.8
D196,Tamil Nadu,Urban,14.91,64.5,31.4,60.4,85.5,15.6,68.2,5.11,35.5
D197,Maharashtra,Semi-Urban,11.31,31.3,8.6,82.1,80.0,23.4,53.1,3.96,55.8
D198,Uttar Pradesh,Rural,13.5,33.1,25.1,119.1,49.3,25.1,50.5,4.82,60.7
D199,Tamil Nadu,Urban,15.7,99.0,74.5,105.7,53.5,22.1,68.2,7.43,70.6
D200,West Bengal,Semi-Urban,17.48,61.9,45.5,65.9,11.2,13.2,55.8,4.86,46.2
D201,Punjab,Rural,46.81,33.0,34.4,142.7,5.0,21.4,52.0,4.44,47.2
D202,West Bengal,Rural,8.11,42.2,10.3,143.5,5.0,25.5,56.4,5.24,58.8
D203,Karnataka,Semi-Urban,22.54,44.0,36.1,90.1,57.5,12.9,68.1,4.57,52.7
D204,Tamil Nadu,Urban,15.25,75.3,69.0,138.3,133.5,17.1,66.2,6.73,54.7
D205,Bihar,Urban,5.25,78.9,50.1,94.6,84.7,19.7,66.3,4.79,35.5
D206,Tamil Nadu,Urban,21.38,77.2,54.9,59.8,5.0,18.0,61.4,5.53,54.3
D207,West Bengal,Urban,28.81,85.1,57.8,119.6,86.9,10.7,71.4,6.16,65.6
D208,Bihar,Rural,8.05,41.1,23.7,86.6,43.5,19.0,57.3,3.93,35.7
D209,Tamil Nadu,Urban,13.39,84.0,60.4,81.5,171.7,15.8,62.7,5.05,57.0
D210,West Bengal,Semi-Urban,4.78,51.8,50.3,183.1,15.8,18.7,62.5,5.57,56.4
D211,Uttar Pradesh,Rural,6.33,46.1,49.3,21.2,29.0,17.0,61.7,6.11,62.4
D212,Karnataka,Semi-Urban,25.25,72.7,51.8,37.3,139.2,16.1,67.2,5.67,61.6
D213,Uttar Pradesh,Urban,10.18,69.3,67.2,42.4,86.7,17.5,64.3,5.91,48.6
D214,Rajasthan,Rural,6.92,30.0,22.8,66.7,59.5,22.0,56.7,4.81,35.6
D215,Andhra Pradesh,Rural,15.45,50.0,51.5,70.8,60.2,17.5,54.0,4.4,43.7
D216,Punjab,Rural,9.84,36.3,26.5,35.6,51.2,18.5,59.4,5.3,60.3
D217,Gujarat,Urban,10.15,90.6,69.0,47.4,119.8,17.6,59.7,5.465,51.4
D218,Andhra Pradesh,Urban,20.98,74.0,58.4,50.7,41.8,10.9,67.5,7.98,57.3
D219,Punjab,Rural,6.71,51.1,63.8,314.7,128.3,19.3,81.4,6.21,39.7
D220,Punjab,Semi-Urban,7.82,59.2,51.2,219.4,31.3,19.1,57.8,4.85,66.1
D221,Andhra Pradesh,Semi-Urban,14.77,60.3,39.6,64.9,77.2,19.3,62.1,5.66,61.2
D222,Karnataka,Semi-Urban,24.09,72.1,61.8,66.7,82.0,21.8,65.0,6.14,62.7
D223,Uttar Pradesh,Rural,28.3,34.7,23.2,43.3,13.1,12.9,64.9,4.86,59.1
D224,Gujarat,Rural,9.03,29.5,18.2,28.5,29.9,12.9,82.5,5.65,58.9
D225,Bihar,Semi-Urban,23.63,54.0,47.7,76.4,35.1,20.3,55.0,5.29,50.0
D226,Rajasthan,Rural,8.41,42.1,31.8,47.0,5.0,20.3,60.0,4.24,46.3
D227,West Bengal,Urban,40.27,63.9,50.2,77.7,55.0,19.6,52.4,4.59,45.4
D228,Andhra Pradesh,Semi-Urban,6.82,63.7,47.9,33.8,18.3,17.6,56.9,5.2,75.6
D229,West Bengal,Rural,29.88,33.2,27.6,53.6,50.8,22.7,57.4,5.2,56.8
D230,Punjab,Urban,9.08,88.3,69.6,88.4,46.8,21.7,63.8,5.25,47.9
D231,Gujarat,Urban,45.06,56.5,26.8,99.6,94.2,21.6,59.9,3.37,48.3
D232,Rajasthan,Semi-Urban,19.2,50.9,43.5,102.5,13.9,18.6,70.2,4.25,38.8
D233,Tamil Nadu,Rural,7.32,22.8,9.3,39.4,5.0,13.1,63.1,3.99,60.3
D234,Odisha,Semi-Urban,9.84,50.6,26.4,130.3,40.1,23.3,53.8,3.36,38.2
D235,Andhra Pradesh,Rural,21.51,40.2,29.7,52.5,97.1,24.3,75.6,5.17,56.2
D236,Tamil Nadu,Rural,25.32,36.4,28.0,115.4,63.3,22.5,60.0,3.8,55.6
D237,Karnataka,Semi-Urban,12.9,55.7,36.2,81.0,53.8,16.1,56.2,4.46,52.2
D238,Punjab,Rural,13.83,36.6,34.1,38.2,58.6,22.3,49.9,3.77,46.7
D239,Rajasthan,Urban,21.22,79.8,49.1,68.4,5.0,22.9,48.0,4.19,47.7
D240,Odisha,Urban,14.57,68.9,48.4,99.6,75.2,25.0,61.8,5.93,54.4
D241,West Bengal,Rural,6.2,44.4,28.6,114.1,136.9,15.6,60.2,5.46,47.8
D242,Gujarat,Rural,8.27,44.0,32.6,75.4,56.2,18.8,60.4,4.94,46.7
D243,Gujarat,Urban,15.5,81.5,63.3,189.1,104.4,20.7,59.5,5.09,64.7
D244,Maharashtra,Semi-Urban,27.92,63.0,39.2,141.8,99.9,19.2,66.2,5.0,50.0
D245,Gujarat,Rural,35.5,40.7,36.3,70.7,83.0,14.8,56.1,5.24,44.9
D246,Bihar,Rural,21.49,56.3,42.7,123.0,5.0,21.5,49.3,4.91,46.0
D247,Odisha,Rural,16.0,37.2,12.8,235.9,5.0,23.6,60.1,3.64,55.2
D248,Gujarat,Semi-Urban,21.1,55.2,25.8,239.4,94.0,20.0,66.4,5.03,57.2
D249,Odisha,Semi-Urban,9.02,51.2,38.3,41.5,23.7,20.7,59.7,3.49,49.7
D250,Odisha,Semi-Urban,12.28,48.7,34.8,48.9,103.7,18.1,53.0,4.83,47.9
D251,Gujarat,Rural,8.21,26.8,19.3,184.3,39.2,26.5,60.0,4.79,55.3
D252,Rajasthan,Rural,6.36,30.0,22.3,45.5,5.0,17.2,54.3,4.33,42.4
D253,Karnataka,Semi-Urban,16.45,57.4,44.8,39.4,6.8,17.3,55.8,6.31,54.2
D254,Tamil Nadu,Urban,15.05,81.0,68.3,62.3,5.0,18.6,51.8,4.65,58.3
D255,Punjab,Urban,20.34,78.5,50.0,102.6,76.6,22.2,67.3,5.57,61.3
D256,Karnataka,Rural,18.68,31.1,14.0,77.0,32.0,15.0,67.9,5.06,42.4
D257,Uttar Pradesh,Rural,15.57,46.1,25.8,57.0,33.1,15.1,67.2,5.21,44.2
D258,Bihar,Urban,18.8,84.7,65.8,56.2,127.8,9.2,77.7,6.77,59.4
D259,Maharashtra,Urban,13.12,76.6,67.4,55.0,125.1,17.4,82.8,6.78,74.0
D260,Odisha,Semi-Urban,17.25,52.1,35.6,50.2,47.6,15.2,48.4,5.22,34.7
D261,West Bengal,Urban,8.71,82.9,42.2,285.7,32.1,18.0,58.4,6.04,57.9
D262,Andhra Pradesh,Rural,16.81,39.7,16.1,95.9,74.8,23.0,51.1,3.97,34.3
D263,Maharashtra,Semi-Urban,20.11,45.0,27.1,132.7,82.6,17.2,55.2,5.24,46.3
D264,Bihar,Urban,9.01,77.4,53.6,62.2,91.4,19.2,50.1,4.37,45.1
D265,Punjab,Rural,13.89,40.4,27.0,73.5,86.6,18.5,57.2,5.23,48.2
D266,Odisha,Urban,9.26,69.9,52.7,55.0,24.6,21.8,46.6,4.03,42.1
D267,Punjab,Semi-Urban,9.82,59.7,42.3,18.9,136.9,20.3,59.6,5.78,54.3
D268,Andhra Pradesh,Urban,6.86,64.9,57.1,38.2,25.8,16.1,61.5,7.15,55.2
D269,Bihar,Urban,28.77,90.0,62.1,30.1,115.5,16.9,64.0,5.69,40.7
D270,Karnataka,Urban,25.52,89.2,60.0,23.6,16.4,23.0,58.6,3.65,52.4
D271,Andhra Pradesh,Urban,18.59,75.7,60.6,42.2,37.3,20.1,62.3,5.13,58.3
D272,Bihar,Urban,43.96,81.3,48.7,168.8,159.1,12.2,64.2,6.61,65.4
D273,Rajasthan,Urban,12.02,56.3,45.4,79.5,52.2,21.8,73.8,6.02,41.4
D274,West Bengal,Semi-Urban,83.02,47.6,36.5,165.6,101.3,14.7,66.7,5.67,56.5
D275,Punjab,Rural,11.75,35.4,25.3,102.1,56.6,25.8,38.8,4.17,53.6
D276,Andhra Pradesh,Semi-Urban,15.69,48.4,49.0,125.3,58.1,23.0,48.6,4.85,41.1
D277,Gujarat,Semi-Urban,10.61,64.4,43.3,49.6,120.0,19.7,44.2,5.22,52.0
D278,Punjab,Semi-Urban,16.83,76.0,73.5,108.7,75.2,18.1,60.8,6.44,56.0
D279,Rajasthan,Rural,22.23,27.4,18.8,121.6,5.0,20.2,58.1,5.55,69.9
D280,Gujarat,Rural,12.57,30.5,12.6,59.3,5.0,24.0,50.6,4.08,64.5
D281,Rajasthan,Urban,39.1,80.1,60.6,110.8,110.8,16.3,78.5,7.06,44.7
D282,Punjab,Urban,15.54,92.5,60.8,111.2,115.8,18.6,64.6,5.48,75.5
D283,Andhra Pradesh,Urban,15.84,67.0,44.2,60.2,6.6,23.2,60.9,4.55,40.9
D284,Punjab,Urban,7.8,80.2,63.4,43.9,49.8,16.0,53.8,6.58,66.5
D285,Kerala,Semi-Urban,17.31,74.4,60.2,42.5,50.1,16.0,53.3,5.46,61.6
D286,Kerala,Semi-Urban,12.42,43.1,27.4,85.4,37.0,15.4,62.9,5.67,44.8
D287,Uttar Pradesh,Urban,9.35,66.5,57.8,97.5,19.4,14.6,65.0,5.93,59.4
D288,Gujarat,Semi-Urban,8.45,54.2,49.9,52.7,31.5,11.8,50.3,4.76,49.0
D289,Uttar Pradesh,Semi-Urban,66.89,53.3,51.5,82.7,31.2,22.0,55.2,4.92,55.7
D290,Tamil Nadu,Urban,11.5,85.3,68.2,111.5,124.4,24.5,55.1,6.13,57.8
D291,Punjab,Rural,5.62,40.2,41.0,114.4,85.7,24.7,53.1,4.86,61.2
D292,Gujarat,Urban,8.86,62.0,31.5,191.2,78.7,13.1,60.4,4.0,47.5
D293,Bihar,Rural,13.05,42.6,29.4,164.4,47.4,22.9,53.2,4.18,46.1
D294,Karnataka,Urban,18.69,72.8,47.7,47.0,78.2,24.4,52.3,5.83,64.4
D295,Kerala,Rural,18.78,49.5,38.1,205.6,42.7,17.8,63.6,5.08,56.6
D296,West Bengal,Rural,20.21,32.4,19.7,60.8,5.0,21.4,61.6,3.34,50.6
D297,Odisha,Rural,9.14,32.3,22.9,144.7,13.1,12.7,74.9,7.02,53.5
D298,Karnataka,Rural,16.51,42.9,47.2,84.6,25.9,20.4,55.8,5.41,43.3
D299,Gujarat,Rural,7.96,44.9,32.3,64.9,5.0,16.1,58.0,4.9,45.5
D300,Gujarat,Rural,9.28,42.0,34.8,30.1,48.8,20.5,60.4,4.63,43.9
D301,Gujarat,Rural,7.76,22.8,15.3,74.1,60.9,14.3,68.3,5.92,61.9
D302,Andhra Pradesh,Urban,6.6,82.8,62.7,34.5,16.2,20.9,53.2,4.73,58.6
D303,Rajasthan,Semi-Urban,25.5,48.7,36.6,138.7,65.6,23.5,62.7,5.68,52.5
D304,Tamil Nadu,Semi-Urban,20.35,60.1,48.7,187.6,73.4,15.6,72.3,6.33,69.4
D305,West Bengal,Rural,24.19,25.2,28.2,52.5,44.2,15.6,72.2,5.71,66.3
D306,Maharashtra,Semi-Urban,13.79,62.0,59.7,96.2,69.7,9.6,82.3,7.02,61.7
D307,Rajasthan,Semi-Urban,21.46,50.7,40.5,54.7,5.0,18.9,52.0,4.59,41.9
D308,West Bengal,Rural,4.68,26.5,24.6,57.6,5.0,18.4,59.5,5.48,67.2
D309,Andhra Pradesh,Urban,22.6,84.4,54.1,124.7,95.9,12.0,66.6,5.37,52.0
D310,Kerala,Urban,14.97,80.2,59.4,79.7,125.3,19.5,58.1,4.19,48.8
D311,Bihar,Semi-Urban,19.61,52.5,46.9,212.0,5.0,17.8,57.8,5.58,50.4
D312,Andhra Pradesh,Semi-Urban,16.91,71.1,60.2,62.5,87.2,13.7,51.8,5.79,46.3
D313,Andhra Pradesh,Urban,7.45,74.0,57.2,141.1,135.4,15.4,64.5,6.11,42.4
D314,Punjab,Semi-Urban,5.48,58.3,50.8,85.9,59.2,23.1,49.6,4.88,56.2
D315,Tamil Nadu,Semi-Urban,8.78,60.4,49.2,126.2,95.3,20.9,59.2,4.88,43.4
D316,Punjab,Semi-Urban,18.9,52.4,48.9,63.7,28.6,18.7,52.9,5.47,80.5
D317,Rajasthan,Semi-Urban,20.37,62.2,49.0,79.3,63.1,21.3,48.4,4.56,39.4
D318,Uttar Pradesh,Rural,5.93,33.2,22.1,76.4,5.0,16.2,63.6,4.65,38.2
D319,Tamil Nadu,Semi-Urban,7.47,54.3,43.4,51.4,5.0,19.9,59.1,4.82,54.8
D320,West Bengal,Rural,8.72,50.3,14.3,117.2,100.5,30.099999999999994,63.1,6.0,69.0
